{
  "name": "Chen Li",
  "current_title": "Investment Analyst",
  "current_company": "Bank of China",
  "years_experience": 2,
  "sector_focus": [
    "Technology",
    "Healthcare"
  ],
  "investment_approach": "Quantitative",
  "primary_geography": "Asia-Pacific",
  "summary_blurb": "Chen Li is an Investment Analyst with a strong background in quantitative analysis and financial technology. With experience at Bank of China, he has developed multi-factor models and conducted extensive research in the technology and healthcare sectors. He is proficient in Python and R, and has a solid understanding of DCF and relative valuation methods.",
  "notable_experience": [
    "Bank of China"
  ],
  "top_skills": [
    "Python",
    "R",
    "SQL",
    "Microsoft Office Suite",
    "Bloomberg Terminal"
  ],
  "education_highlight": "M.S. in Financial Technology from University of Hong Kong",
  "certifications": []
}