{
  "name": "Marina Silva Costa",
  "current_title": "Equity Research Analyst",
  "current_company": "Vanguard Group",
  "years_experience": 4,
  "sector_focus": [
    "Healthcare",
    "Consumer",
    "Telecommunications"
  ],
  "investment_approach": "Fundamental",
  "primary_geography": "US",
  "summary_blurb": "Marina Silva Costa is an experienced Equity Research Analyst with a strong background in fundamental research and financial modeling. She has worked with notable firms such as Vanguard Group and Bain & Company, focusing on sectors including healthcare and consumer. Marina holds an MBA from MIT Sloan School of Management and has developed investment recommendations for publicly traded companies.",
  "notable_experience": [
    "Vanguard Group",
    "Bain & Company"
  ],
  "top_skills": [
    "Python",
    "R",
    "Advanced Excel/VBA"
  ],
  "education_highlight": "MBA in Business Administration from MIT Sloan School of Management",
  "certifications": [
    "GMAT"
  ]
}