{
  "name": "Michael Rodriguez",
  "current_title": "Analyst, Consumer Internet & Software",
  "current_company": "Fidelity Asset Management",
  "years_experience": 5,
  "sector_focus": [
    "Technology",
    "Consumer",
    "Financials"
  ],
  "investment_approach": "Fundamental",
  "primary_geography": "US",
  "summary_blurb": "Michael Rodriguez is an experienced analyst with a strong focus on the Technology and Consumer sectors. He has a proven track record in fundamental analysis and investment processes, contributing to significant portfolio management efforts. His background includes roles at notable firms such as Fidelity Asset Management and William Blair.",
  "notable_experience": [
    "Fidelity Asset Management",
    "William Blair, Equity Research",
    "William Blair, Fixed Income Sales & Trading"
  ],
  "top_skills": [
    "Bloomberg Terminal",
    "Excel",
    "Advanced Financial Modeling",
    "Statistical Analysis",
    "Hypothesis Testing"
  ],
  "education_highlight": "B.S. in Finance from University of Michigan, Ross School of Business",
  "certifications": [
    "CFA Charterholder",
    "Series 7",
    "Series 63",
    "Series 87"
  ]
}