{
  "name": "Omar El-Hassan",
  "current_title": "Quantitative Developer",
  "current_company": "BNP Paribas CIB",
  "years_experience": 1,
  "sector_focus": [
    "Financials"
  ],
  "investment_approach": "Quantitative",
  "primary_geography": "Europe",
  "summary_blurb": "Omar El-Hassan is a Quantitative Developer with experience in the financial sector, specializing in quantitative strategies. He has developed and implemented models and features for trading desks, utilizing programming languages such as C++ and Python. His educational background includes a Master's degree in Quantitative Finance and a Diplôme d'Ingénieur in Financial Engineering.",
  "notable_experience": [
    "BNP Paribas CIB",
    "Société Générale - SGATS (SGCIB)"
  ],
  "top_skills": [
    "C++",
    "C#",
    "Python",
    "Machine Learning",
    "Statistics"
  ],
  "education_highlight": "Master's degree in Quantitative Finance from Universite Lyon",
  "certifications": []
}