{
  "name": "Priya Nakamura",
  "current_title": "Lead Healthcare Analyst",
  "current_company": "ICICI Securities",
  "years_experience": 9,
  "sector_focus": [
    "Healthcare"
  ],
  "investment_approach": "Fundamental",
  "primary_geography": "Asia-Pacific",
  "summary_blurb": "Experienced Lead Healthcare Analyst with a strong focus on the healthcare sector. Proven track record in analyzing and recommending investment opportunities, managing client relationships, and conducting extensive research. Skilled in financial modeling and equity research, with experience across notable firms in the industry.",
  "notable_experience": [
    "ICICI Securities",
    "J.P. Morgan Chase",
    "Morgan Stanley"
  ],
  "top_skills": [
    "Financial Modeling",
    "Research",
    "Equity Research",
    "Pharmaceutical Analysis",
    "Investment Recommendations"
  ],
  "education_highlight": "MBA in Finance from Mumbai Institute of Management Studies (MIMS)",
  "certifications": []
}