{
  "name": "Vikram Shah",
  "current_title": "Investment Analyst",
  "current_company": "Cinctive Capital Management",
  "years_experience": 7,
  "sector_focus": [
    "Technology"
  ],
  "investment_approach": "Fundamental",
  "primary_geography": "US",
  "summary_blurb": "Vikram Shah is an experienced Investment Analyst with a focus on the Technology sector. He has a strong background in fundamental research and financial analysis, having worked with notable firms such as Cinctive Capital Management and Goldman Sachs. His expertise includes developing tactical trading strategies and conducting comprehensive financial modeling.",
  "notable_experience": [
    "Cinctive Capital Management",
    "Goldman Sachs",
    "J.P. Morgan Asset Management"
  ],
  "top_skills": [
    "Bloomberg",
    "FactSet",
    "Microsoft Office",
    "Financial Modeling",
    "Mandarin"
  ],
  "education_highlight": "B.S. in Business Administration from Northwestern University - Kellogg School of Management",
  "certifications": [
    "CFA® Charterholder"
  ]
}