{
  "name": "Vikram Shah",
  "email": "vshah@gmail.com",
  "phone": "+1-267-328-0909",
  "location": "New York, NY, US",
  "linkedin": null,
  "objective": null,
  "education": [
    {
      "degree": "B.S.",
      "major": "Business Administration",
      "school": "Northwestern University - Kellogg School of Management",
      "start": null,
      "end": "May-01-2014",
      "honors": "Dean’s Honor List (Fall 2012 - Spring 2014), Greek Award of Distinction (2011, 2012)"
    }
  ],
  "experiences": [
    {
      "company": "Cinctive Capital Management",
      "title": "Investment Analyst",
      "start": "Sep-01-2021",
      "end": null,
      "sectors": [
        "Technology"
      ],
      "approach": "Fundamental",
      "client_type": "Buy-side",
      "num_companies_covered": 75,
      "num_sectors_covered": null,
      "coverage_value": null,
      "regions_covered": [
        "US"
      ],
      "sharpe_ratio": null,
      "alpha": null,
      "valuation_methods_used": [
        "Proprietary data analysis"
      ],
      "quant_tools_used": [],
      "bullet_points": [
        "Work directly with portfolio managers to deploy long/short equity strategy across ~75 Technology/Media stocks under coverage (with primary focus on cloud computing and digital advertising sectors)",
        "Source investment ideas through fundamental research, financial KPI analysis, alternative data tracking, and macroeconomic trend analysis across covered sectors",
        "Conduct quarterly management meetings to discuss strategic initiatives, growth opportunities, operational efficiency programs, and competitive positioning within industry verticals",
        "Develop tactical trading strategies around earnings events and create detailed investment previews highlighting recommended actions based on consensus expectations, proprietary data analysis, valuation metrics, and catalyst timing",
        "Coverage includes leading technology companies across cloud infrastructure, e-commerce platforms, digital advertising, streaming services, enterprise software, mobility platforms, online marketplaces, social media, and digital entertainment sectors"
      ]
    },
    {
      "company": "Goldman Sachs",
      "title": "Equity Research, U.S. Internet & Interactive Entertainment – Associate",
      "start": "Feb-01-2019",
      "end": "Sep-01-2021",
      "sectors": [
        "Technology",
        "Media"
      ],
      "approach": "Fundamental",
      "client_type": "Sell-side",
      "num_companies_covered": 40,
      "num_sectors_covered": null,
      "coverage_value": "$4.5T",
      "regions_covered": [
        "US"
      ],
      "sharpe_ratio": null,
      "alpha": null,
      "valuation_methods_used": [
        "DCF",
        "Comparable Companies",
        "Sum-of-the-parts"
      ],
      "quant_tools_used": [],
      "bullet_points": [
        "Supporting coverage of technology and media sectors for Institutional Investor ranked equity analyst team covering 40+ stocks with over $4.5 trillion in combined market capitalization",
        "Built comprehensive financial models and conducted fundamental analysis to generate investment recommendations using DCF, comparable company, and sum-of-the-parts valuation methodologies",
        "Maintained relationships with institutional investor clients including hedge funds and mutual funds, providing sector insights, company-specific research, and investment forecasting to support their decision-making processes",
        "Supported IPO due diligence for eight investment banking transactions, contributing to pre-marketing investor education, financial model construction, valuation analysis, and research coverage initiation"
      ]
    },
    {
      "company": "J.P. Morgan Asset Management",
      "title": "U.S. Equity, Business Management – Associate",
      "start": "Jul-01-2017",
      "end": "Feb-01-2019",
      "sectors": null,
      "approach": null,
      "client_type": null,
      "num_companies_covered": null,
      "num_sectors_covered": null,
      "coverage_value": null,
      "regions_covered": [
        "US"
      ],
      "sharpe_ratio": null,
      "alpha": null,
      "valuation_methods_used": [],
      "quant_tools_used": [],
      "bullet_points": [
        "Coordinated research vendor relationships for 120+ Portfolio Managers and Research Analysts across 180+ external research providers, implementing process improvements following regulatory changes",
        "Analyzed assets under management and capital flows with Chief Investment Officers to determine optimal capacity targets and strategic positioning across 50+ active investment strategies",
        "Managed vendor relationships with research networks, data providers, and analytics platforms to enhance investment decision-making capabilities"
      ]
    },
    {
      "company": "J.P. Morgan Chase & Co.",
      "title": "Office of the CFO, Strategy and Analytics – Analyst",
      "start": "May-01-2016",
      "end": "Jul-01-2017",
      "sectors": null,
      "approach": null,
      "client_type": null,
      "num_companies_covered": null,
      "num_sectors_covered": null,
      "coverage_value": null,
      "regions_covered": [
        "US"
      ],
      "sharpe_ratio": null,
      "alpha": null,
      "valuation_methods_used": [],
      "quant_tools_used": [],
      "bullet_points": [
        "Analyzed the firm’s expense drivers (such as strategic investments, headcount growth, and location presence) and partnered with business lines to forecast a three year budget that aligned with the CFO’s key priorities"
      ]
    },
    {
      "company": "PwC",
      "title": "Corporate Development & Transaction Services (CDTS) – Analyst",
      "start": "Aug-01-2014",
      "end": "May-01-2016",
      "sectors": null,
      "approach": null,
      "client_type": null,
      "num_companies_covered": null,
      "num_sectors_covered": null,
      "coverage_value": null,
      "regions_covered": [
        "US"
      ],
      "sharpe_ratio": null,
      "alpha": null,
      "valuation_methods_used": [],
      "quant_tools_used": [],
      "bullet_points": [
        "Developed comprehensive financial models (P&L, balance sheet, cash flow projections) supporting origination of complex client engagements and strategic transaction advisory services"
      ]
    }
  ],
  "skills": [
    "Bloomberg",
    "FactSet",
    "Microsoft Office",
    "Financial Modeling",
    "Mandarin",
    "Cantonese"
  ],
  "certifications": [
    "CFA® Charterholder"
  ],
  "languages": [
    "Mandarin (Fluent)",
    "Cantonese (Conversational)"
  ],
  "primary_sector": "Technology",
  "primary_strategy": "Fundamental",
  "primary_geography": "US",
  "current_level": "Associate",
  "years_experience": 7
}