{
  "name": "Viktor Sharat",
  "email": null,
  "phone": null,
  "location": "Mumbai, India",
  "linkedin": null,
  "objective": null,
  "education": [
    {
      "degree": "PGDM",
      "major": null,
      "school": "Mumbai Institute of Management Studies and Research",
      "start": null,
      "end": "Jan-01-2015",
      "honors": null
    },
    {
      "degree": "M.Tech(Integrated)",
      "major": null,
      "school": "Padmashree Dr.D.Y.Patil Institute of Biotechnology and Bioinformatics, Navi Mumbai",
      "start": null,
      "end": "Jan-01-2010",
      "honors": null
    },
    {
      "degree": "HSC",
      "major": null,
      "school": "Bharti Vidyapeeth junior college, Navi Mumbai",
      "start": null,
      "end": "Jan-01-2006",
      "honors": null
    },
    {
      "degree": "SSC",
      "major": null,
      "school": "Don Bosco High School, Navi Mumbai",
      "start": null,
      "end": "Jan-01-2004",
      "honors": null
    }
  ],
  "experiences": [
    {
      "company": "Axis Mutual Fund",
      "title": "Research Analyst",
      "start": null,
      "end": null,
      "sectors": [
        "Healthcare"
      ],
      "approach": "Fundamental",
      "client_type": "Buy-side",
      "num_companies_covered": 38,
      "num_sectors_covered": null,
      "coverage_value": "$1.2B",
      "regions_covered": [
        "Asia-Pacific"
      ],
      "sharpe_ratio": null,
      "alpha": null,
      "valuation_methods_used": [],
      "quant_tools_used": [],
      "bullet_points": [
        "Tracked 38 companies within the healthcare fund portfolio and conducted meetings with various stakeholders (management teams, buy-side analysts) to provide strategic inputs to senior fund managers."
      ]
    },
    {
      "company": "Meridian Capital",
      "title": "Research Analyst",
      "start": null,
      "end": null,
      "sectors": [
        "Energy",
        "Infrastructure"
      ],
      "approach": "Fundamental",
      "client_type": null,
      "num_companies_covered": null,
      "num_sectors_covered": null,
      "coverage_value": null,
      "regions_covered": null,
      "sharpe_ratio": null,
      "alpha": null,
      "valuation_methods_used": [],
      "quant_tools_used": [],
      "bullet_points": [
        "Completed comprehensive sector report on renewable energy (~120 pages) within 3 months of joining and began receiving institutional votes within first quarter.",
        "Also published detailed analysis on Indian infrastructure sector.",
        "Applied sector-agnostic investment approach focusing on company fundamentals regardless of market capitalization constraints."
      ]
    },
    {
      "company": "ICICI Securities Limited",
      "title": "Research Analyst",
      "start": null,
      "end": null,
      "sectors": [
        "Healthcare",
        "Energy",
        "Logistics"
      ],
      "approach": "Fundamental",
      "client_type": "Buy-side",
      "num_companies_covered": 42,
      "num_sectors_covered": null,
      "coverage_value": null,
      "regions_covered": null,
      "sharpe_ratio": null,
      "alpha": null,
      "valuation_methods_used": [],
      "quant_tools_used": [],
      "bullet_points": [
        "Maintained active coverage of 42 stocks across multiple sectors.",
        "Advanced from research associate to lead analyst within 3 years.",
        "Consistently received top performance ratings throughout tenure.",
        "Initiated coverage reports on digital health platforms and renewable energy companies, generating superior returns for institutional clients over time."
      ]
    },
    {
      "company": "BioAnalytics Research India Ltd.",
      "title": "Biomodeller Trainee",
      "start": null,
      "end": null,
      "sectors": null,
      "approach": null,
      "client_type": null,
      "num_companies_covered": null,
      "num_sectors_covered": null,
      "coverage_value": null,
      "regions_covered": null,
      "sharpe_ratio": null,
      "alpha": null,
      "valuation_methods_used": [],
      "quant_tools_used": [],
      "bullet_points": [
        "Contributing member of team developing AI-based drug target identification system for precision medicine applications."
      ]
    }
  ],
  "skills": [
    "Equity Analysis",
    "Market Analysis",
    "Healthcare",
    "Renewable Energy",
    "Investment Research",
    "AI-based Drug Target Identification"
  ],
  "certifications": [
    "Chartered Financial Analyst Level 3"
  ],
  "languages": [],
  "primary_sector": "Healthcare",
  "primary_strategy": "Fundamental",
  "primary_geography": "Asia-Pacific",
  "current_level": "Analyst",
  "years_experience": 9
}